ticker,buy,stop,sell
1305,,1692.0,
1322,5215.0,5030.0,
1324,130.0,128.0,
1329,21990.0,21760.0,
1330,22130.0,21880.0,
1333,,4055.0,
1357,1205.0,1166.0,
1360,2887.0,2791.0,
1364,,14480.0,
1365,13770.0,13460.0,
1366,3140.0,3040.0,
1379,,1999.0,
1380,901.0,880.0,
1381,2321.0,2310.0,
1385,4140.0,4080.0,
1391,1990.0,1962.0,
1392,2670.0,2651.0,
1398,,1926.0,
1413,2224.0,2147.0,
1414,7500.0,7170.0,
1418,209.0,202.0,
1429,557.0,536.0,
1434,408.0,405.0,
1436,668.5,653.0,
1439,1080.0,1070.0,
1443,251.0,239.0,
1447,405.0,394.0,
1448,641.0,622.0,
1456,7080.0,6970.0,
1457,7590.0,7560.0,
1458,10290.0,10070.0,
1459,4675.0,4525.0,
1464,,9750.0,
1466,5030.0,4855.0,
1467,,9550.0,
1478,1884.0,1856.0,
1488,,1933.0,
1494,,18070.0,
1497,2400.0,2395.0,
1518,1330.0,1308.0,
1540,4505.0,4495.0,
1542,4902.5,4895.0,
1547,3345.0,3330.0,
1554,2031.0,2010.0,
1559,3350.0,3315.0,
1569,3230.0,3170.0,
1570,18000.0,17600.0,
1572,12900.0,12610.0,
1575,,650.0,
1597,,1933.0,
1599,,14470.0,
1605,1051.0,1039.5,
1615,160.0,157.0,
1618,12145.0,11820.0,
1621,22300.0,21800.0,
1627,,8410.0,
1659,,2127.0,
1663,,1590.0,
1671,,2603.0,
1689,4.0,3.0,
1723,2750.0,2651.0,
1728,250.0,242.0,
1737,1092.0,1040.0,
1762,2445.0,2402.0,
1776,749.5,735.0,
1783,64.0,63.0,
1789,424.0,415.0,
1799,,1630.0,
1815,,2789.0,
1820,,2574.0,
1822,,3210.0,
1824,1146.0,1120.0,
1827,,501.0,
1833,3665.0,3585.0,
1866,,3190.0,
1879,,993.0,
1881,2107.0,2056.0,
1888,,1516.0,
1893,528.0,518.0,
1905,797.0,786.0,
1906,114.0,112.0,
1909,1105.0,1081.0,
1925,,3563.0,
1928,,1821.5,
1942,980.0,958.0,
1959,3480.0,3415.0,
1960,675.0,665.0,
1961,1221.0,1211.0,
1966,652.0,643.0,
1968,2440.0,2378.0,
1983,2001.0,1973.0,
1994,721.0,711.0,
2001,,1955.0,
2031,13410.0,13130.0,
2053,,1234.0,
2107,,1034.0,
2108,,2045.0,
2109,,2942.0,
2117,2103.0,2083.0,
2120,580.0,564.0,
2124,2340.0,2292.0,
2146,2561.0,2518.0,
2151,738.5,728.0,
2156,321.0,320.0,
2158,545.0,514.0,
2163,921.0,885.0,
2164,2120.0,1870.0,
2173,,764.5,
2174,833.0,828.0,
2178,,324.0,
2191,286.0,279.0,
2196,,657.0,
2201,4955.0,4865.0,
2212,1824.0,1799.0,
2216,3242.5,3215.0,
2220,5530.0,5430.0,
2224,2530.0,2525.0,
2229,,3030.0,
2269,8980.0,8860.0,
2270,2733.0,2697.0,
2291,2327.0,2300.0,
2309,1588.0,1568.0,
2321,104.5,102.0,
2323,,421.0,
2330,179.0,176.0,
2332,1073.0,1041.0,
2334,1306.0,1264.0,
2340,593.0,589.0,
2341,194.0,192.0,
2342,501.0,484.0,
2345,894.0,878.0,
2353,169.0,164.0,
2354,358.0,349.0,
2370,75.5,75.0,
2388,118.0,113.0,
2393,1302.5,1281.0,
2397,812.0,789.0,
2402,738.0,725.0,
2405,406.0,400.0,
2406,,495.0,
2408,433.5,431.0,
2417,701.0,697.0,
2454,712.0,691.0,
2510,1010.0,1008.0,
2511,952.0,950.0,
2531,,1344.0,
2533,,411.0,
2573,3615.0,3595.0,
2587,,5100.0,
2593,,5560.0,
2594,,2149.0,
2651,6270.0,6170.0,
2655,1361.0,1355.0,
2664,1803.0,1779.0,
2669,3140.0,3110.0,
2670,,6620.0,
2673,119.0,117.0,
2681,1517.0,1490.0,
2689,1451.5,1430.0,
2695,5130.0,5040.0,
2721,529.0,500.0,
2734,,630.0,
2747,3000.0,2995.0,
2762,393.0,391.0,
2768,403.0,392.0,
2789,462.0,457.0,
2795,917.0,908.0,
2796,539.0,533.0,
2798,2454.5,2435.0,
2814,1494.0,1465.0,
2818,,1665.0,
2819,,2236.0,
2871,2716.0,2646.0,
2874,915.0,890.0,
2899,2663.0,2585.0,
2908,,2239.0,
2922,1684.0,1653.0,
2925,,1923.0,
3001,,1287.0,
3010,119.0,114.0,
3021,1091.0,1049.0,
3036,1306.0,1278.0,
3038,,4065.0,
3045,860.0,855.0,
3048,1223.5,1206.0,
3054,473.5,462.0,
3073,1898.0,1870.0,
3080,392.0,382.0,
3083,593.0,590.0,
3091,,2695.0,
3092,2057.0,1995.0,
3101,1536.0,1502.0,
3103,439.0,422.0,
3151,1108.0,1077.0,
3159,,366.0,
3166,1316.0,1300.0,
3174,872.0,856.0,
3178,2693.0,2634.0,
3179,,819.0,
3187,267.5,261.0,
3195,1032.5,1006.0,
3224,1265.5,1209.0,
3231,,2186.0,
3232,583.0,569.0,
3241,297.0,291.0,
3246,731.0,724.0,
3248,626.0,603.0,
3261,424.0,410.0,
3264,172.0,166.0,
3266,107.5,106.0,
3275,,1461.0,
3280,725.0,709.0,
3283,,239100.0,
3291,2063.0,2032.0,
3293,1603.0,1590.0,
3296,,427000.0,
3299,,612.0,
3316,571.0,560.0,
3320,669.0,648.0,
3323,167.0,162.0,
3344,603.0,588.0,
3347,209.0,202.0,
3352,885.0,883.0,
3358,241.5,238.0,
3359,377.0,358.0,
3386,1033.0,1028.0,
3390,74.0,71.0,
3393,,577.0,
3397,2280.0,2246.0,
3401,1886.0,1858.0,
3402,731.9,715.9,
3405,1444.0,1411.0,
3408,1811.0,1744.0,
3415,,981.0,
3416,1746.0,1722.0,
3417,1071.0,1063.0,
3445,2965.0,2887.0,
3463,133500.0,132100.0,
3464,1159.5,1125.0,
3482,894.0,866.0,
3489,1147.0,1080.0,
3490,1224.5,1190.0,
3491,,3170.0,
3495,1276.5,1251.0,
3496,6235.0,6160.0,
3498,5255.0,4970.0,
3526,,1633.0,
3537,991.0,980.0,
3540,,3290.0,
3545,464.0,430.0,
3557,1699.0,1662.0,
3562,734.0,710.0,
3564,,1445.0,
3565,,1970.0,
3569,1710.0,1660.0,
3571,,994.0,
3577,,1115.0,
3604,398.0,380.0,
3611,3430.0,3250.0,
3624,541.5,522.0,
3630,,3375.0,
3633,3255.0,3095.0,
3640,2133.0,2123.0,
3641,2305.0,2221.0,
3645,581.5,566.0,
3647,325.0,320.0,
3652,4815.0,4730.0,
3656,,870.0,
3663,680.0,676.0,
3666,741.0,726.0,
3679,617.0,607.0,
3680,,404.0,
3686,132.5,129.0,
3691,769.5,739.0,
3692,3210.0,3160.0,
3719,140.0,136.0,
3738,1969.0,1953.0,
3758,658.0,622.0,
3763,1293.0,1251.0,
3766,631.0,621.0,
3773,1631.5,1581.0,
3776,325.0,314.0,
3778,517.0,512.0,
3787,1040.0,1024.0,
3816,1427.0,1402.0,
3842,2107.5,2010.0,
3843,946.0,927.0,
3863,,2319.0,
3865,,663.0,
3896,495.0,483.0,
3901,,1439.0,
3904,,803.0,
3909,776.0,756.0,
3916,1492.0,1441.0,
3917,1140.0,1086.0,
3923,1934.5,1890.0,
3928,,1065.0,
3929,1052.0,1024.0,
3936,2116.0,2070.0,
3938,3852.5,3810.0,
3939,1939.0,1904.0,
3964,,1280.0,
3967,1800.0,1729.0,
3970,796.0,775.0,
3974,,1316.0,
3976,1345.0,1322.0,
3985,,608.0,
3990,5410.0,5290.0,
3995,1029.0,977.0,
3996,,3700.0,
3998,4200.0,4105.0,
3999,1048.0,1007.0,
4005,540.0,536.0,
4008,4100.0,3920.0,
4023,6460.0,6250.0,
4043,,2625.0,
4046,,2800.0,
4094,1182.0,1120.0,
4095,1455.0,1399.0,
4098,2426.5,2402.0,
4109,3290.0,3240.0,
4112,3370.0,3295.0,
4115,1170.0,1153.0,
4119,2800.0,2781.0,
4120,1361.5,1350.0,
4183,2738.0,2683.0,
4185,,1763.0,
4188,,822.5,
4189,2743.0,2613.0,
4204,,1821.0,
4208,2373.0,2352.0,
4218,2296.0,2216.0,
4228,938.0,915.0,
4234,499.0,493.0,
4235,2373.5,2346.0,
4238,1106.0,1069.0,
4240,,402.0,
4242,3835.0,3595.0,
4248,1467.0,1407.0,
4274,1070.0,1046.0,
4304,889.5,870.0,
4307,,5010.0,
4310,,1642.0,
4319,228.0,225.0,
4327,1721.0,1696.0,
4331,1435.0,1385.0,
4344,474.5,468.0,
4356,1349.0,1319.0,
4362,,1214.0,
4367,1730.5,1717.0,
4387,4085.0,3970.0,
4388,2179.0,2053.0,
4394,3357.5,3250.0,
4396,1435.0,1370.0,
4399,823.0,791.0,
4401,,1634.0,
4410,1065.0,1028.0,
4422,2379.0,2301.0,
4433,1650.0,1565.0,
4502,4710.0,4604.0,
4503,1684.5,1642.0,
4506,2735.0,2647.0,
4508,1545.0,1516.0,
4514,1204.0,1168.0,
4521,5310.0,5110.0,
4523,6197.0,6041.0,
4526,3610.0,3550.0,
4527,2845.0,2713.0,
4530,5030.0,4815.0,
4534,5705.0,5435.0,
4539,2916.0,2884.0,
4540,3350.0,3280.0,
4544,2818.0,2763.0,
4547,2930.0,2804.0,
4548,1317.0,1292.0,
4549,2652.0,2597.0,
4550,,1209.0,
4552,6500.0,6320.0,
4553,3016.664,2959.997,
4554,,1766.0,
4570,731.0,717.0,
4571,429.0,415.0,
4572,1061.5,1030.0,
4578,4442.0,4334.0,
4579,1738.5,1675.0,
4581,10850.0,10500.0,
4582,213.0,208.0,
4586,,530.0,
4587,5390.0,5180.0,
4591,779.0,765.0,
4596,755.5,697.0,
4613,,2157.0,
4616,1314.5,1290.0,
4640,,470.0,
4645,530.0,522.0,
4669,,781.0,
4676,1547.0,1507.0,
4689,277.0,268.0,
4707,317.0,311.0,
4708,,990.0,
4712,135.5,131.0,
4714,510.0,479.0,
4716,8430.0,8360.0,
4719,2778.0,2712.0,
4725,1380.0,1351.0,
4732,,2024.0,
4734,780.0,765.0,
4745,1120.0,1072.0,
4748,,2578.0,
4763,,1152.0,
4764,142.0,138.0,
4765,305.0,302.0,
4766,260.0,237.0,
4767,,740.0,
4772,188.0,182.0,
4783,1000.0,977.0,
4800,704.0,681.0,
4801,3480.0,3390.0,
4813,1002.5,988.0,
4814,259.0,251.0,
4832,,2644.0,
4837,356.0,352.0,
4838,621.0,610.0,
4875,893.0,865.0,
4912,2376.0,2338.0,
4918,1134.5,1080.0,
4923,1360.0,1339.091,
4951,,1939.0,
4952,834.5,826.0,
4958,,1863.0,
4966,6570.0,6510.0,
4971,,1032.0,
4974,2692.0,2626.0,
4976,2401.5,2400.0,
4977,712.0,701.0,
4978,246.0,241.0,
4987,521.0,518.0,
4996,,783.0,
4997,468.0,454.0,
5002,1682.0,1644.0,
5009,,703.0,
5019,,4180.0,
5020,533.4,520.6,
5021,2439.0,2350.0,
5103,59.0,58.0,
5104,518.0,507.0,
5122,5810.0,5650.0,
5161,1931.0,1884.0,
5187,948.0,939.0,
5192,2064.0,1953.0,
5194,1848.0,1781.0,
5195,1146.0,1119.0,
5204,1763.0,1740.0,
5216,120.0,103.0,
5233,3710.0,3645.0,
5280,1148.0,1131.0,
5302,5010.0,4865.0,
5310,2078.0,1967.0,
5332,,4580.0,
5333,1650.5,1623.0,
5334,2120.0,2080.0,
5357,536.0,527.0,
5358,517.0,508.0,
5401,,2003.5,
5408,513.0,494.0,
5456,,1794.0,
5458,735.5,719.0,
5541,2771.0,2724.0,
5542,1198.5,1181.0,
5563,229.0,223.0,
5614,403.0,389.0,
5658,374.0,358.0,
5660,1041.5,1014.0,
5697,503.0,481.0,
5707,3202.5,3160.0,
5715,1439.0,1384.0,
5721,63.0,61.0,
5727,,973.0,
5753,1260.0,1251.0,
5801,2818.0,2761.0,
5802,,1512.0,
5803,429.0,419.0,
5809,,467.0,
5819,,1945.0,
5851,,2512.0,
5900,652.0,648.0,
5901,2395.0,2337.0,
5902,,1995.0,
5906,369.0,366.0,
5909,,1111.0,
5921,2519.5,2501.0,
5923,2617.5,2602.0,
5928,300.0,298.0,
5941,1060.0,1008.0,
5952,134.0,126.0,
5959,1015.0,967.0,
5970,1577.0,1517.0,
5974,,573.0,
5975,,2140.0,
5987,1045.5,1028.0,
5988,,2216.0,
5994,2335.0,2300.0,
6005,2552.0,2466.0,
6013,1333.0,1304.0,
6023,652.0,640.0,
6026,2060.0,1986.0,
6042,2021.0,2015.0,
6047,2474.0,2325.0,
6054,272.0,265.0,
6058,,1424.0,
6061,,1595.0,
6064,734.0,690.0,
6069,762.0,748.0,
6072,180.0,173.0,
6074,659.0,645.0,
6077,761.0,749.0,
6091,,338.0,
6092,650.0,635.0,
6093,259.0,253.0,
6096,,3180.0,
6098,3111.0,3039.0,
6112,,1050.0,
6113,1108.0,1045.0,
6144,1038.0,1011.0,
6150,2642.5,2625.0,
6155,,892.0,
6156,2678.0,2650.0,
6159,1376.0,1367.0,
6166,,733.0,
6178,1335.0,1323.0,
6183,1484.0,1456.0,
6185,1052.0,1028.0,
6188,496.0,481.0,
6191,2414.0,2355.0,
6192,273.0,267.0,
6193,744.0,716.0,
6198,659.0,646.0,
6201,5700.0,5600.0,
6203,997.0,970.0,
6208,1797.0,1729.0,
6222,3575.0,3460.0,
6233,641.0,610.0,
6236,,518.0,
6238,1010.0,987.0,
6240,716.0,694.0,
6255,,288.0,
6256,6280.0,6170.0,
6257,997.0,987.0,
6266,726.0,715.0,
6267,2028.0,1998.0,
6271,,1180.0,
6274,430.5,420.0,
6282,,1919.0,
6284,3815.0,3740.0,
6286,635.0,612.0,
6302,3505.0,3395.0,
6305,,2894.0,
6307,372.0,368.0,
6322,1907.0,1858.0,
6325,600.0,576.0,
6327,547.5,535.0,
6330,638.0,617.0,
6334,298.0,292.0,
6336,621.0,603.0,
6338,584.0,560.0,
6342,2293.0,2281.0,
6343,127.0,124.0,
6345,,718.0,
6361,,3065.0,
6364,,1164.0,
6365,2160.0,2058.0,
6366,288.0,276.0,
6367,,12715.0,
6380,,774.0,
6387,852.0,836.0,
6409,1692.0,1646.0,
6412,2205.0,2180.0,
6413,1888.0,1792.0,
6419,2250.0,2162.0,
6420,3685.0,3570.0,
6424,1344.0,1320.0,
6448,,2021.0,
6454,,1609.0,
6462,,5140.0,
6463,2214.0,2141.0,
6472,342.0,333.0,
6482,1050.0,1028.0,
6486,1273.0,1220.0,
6489,344.0,338.0,
6497,962.0,958.0,
6502,3555.0,3500.0,
6508,1575.0,1513.0,
6531,1656.0,1596.0,
6537,921.5,912.0,
6545,942.0,866.0,
6550,690.0,666.0,
6554,1034.0,976.0,
6561,1694.0,1633.0,
6564,2465.0,2400.0,
6568,1542.0,1525.0,
6572,,3490.0,
6575,990.0,915.0,
6577,2669.0,2580.0,
6618,613.5,600.0,
6619,1558.0,1477.0,
6628,51.5,50.0,
6629,390.0,382.0,
6632,278.0,269.0,
6637,976.0,950.0,
6659,301.0,291.0,
6663,595.5,576.0,
6668,653.5,636.0,
6694,1795.5,1755.0,
6704,825.0,800.0,
6730,484.0,466.0,
6731,98.0,95.0,
6740,70.5,69.0,
6742,376.0,366.0,
6743,510.0,505.0,
6745,,1170.0,
6747,295.0,291.0,
6754,2074.0,2047.0,
6757,707.5,700.0,
6772,1355.0,1322.0,
6773,65.5,65.0,
6776,287.0,281.0,
6788,5870.0,5660.0,
6803,197.0,190.0,
6810,1601.0,1580.0,
6817,1555.0,1501.0,
6819,140.0,135.0,
6820,,2287.0,
6826,554.0,534.0,
6835,95.0,94.0,
6837,363.5,331.0,
6844,,4355.0,
6849,3490.0,3420.0,
6862,,343.0,
6863,876.0,873.0,
6875,1618.0,1571.0,
6890,1138.0,1091.0,
6902,4436.5,4401.0,
6904,949.0,932.0,
6907,754.5,750.0,
6914,1830.0,1765.0,
6919,895.0,877.0,
6920,4565.0,4270.0,
6925,1353.0,1320.0,
6930,1262.0,1211.0,
6937,725.0,707.0,
6938,552.0,525.0,
6944,3082.5,3020.0,
6945,1020.0,997.0,
6954,19120.0,18805.0,
6955,1069.0,1018.0,
6957,,3775.0,
6962,1099.0,1057.0,
6964,438.0,404.0,
6982,381.0,374.0,
6995,1927.0,1870.0,
6997,,1966.0,
7003,1153.0,1108.0,
7004,345.0,338.0,
7034,9640.0,9180.0,
7039,3030.5,2966.0,
7044,3475.0,3410.0,
7047,1388.5,1310.0,
7148,936.0,914.0,
7157,600.0,595.0,
7162,268.0,264.0,
7177,665.0,651.0,
7180,485.0,471.0,
7181,2485.0,2447.0,
7182,1250.0,1242.0,
7184,,389.0,
7186,441.0,425.0,
7187,389.5,376.0,
7189,,990.0,
7190,698.0,680.0,
7196,1034.0,1001.0,
7202,1497.0,1470.0,
7203,6760.0,6590.0,
7205,954.5,946.0,
7211,609.0,594.0,
7214,867.0,858.0,
7238,133.5,129.0,
7247,449.0,434.0,
7254,322.0,311.0,
7264,1649.0,1632.0,
7267,3055.0,2982.0,
7270,,2742.0,
7276,,6280.0,
7278,2486.0,2463.0,
7279,2130.0,2084.0,
7283,676.0,654.0,
7284,,1089.0,
7291,799.0,789.0,
7296,2355.0,2331.0,
7298,704.0,697.0,
7321,857.0,832.0,
7399,539.0,525.0,
7408,2353.0,2195.0,
7414,1659.0,1574.0,
7443,570.5,557.0,
7444,1770.0,1720.0,
7455,,401.0,
7456,,1458.0,
7458,,5630.0,
7459,2647.0,2597.0,
7463,1085.0,1069.0,
7465,3515.0,3480.0,
7482,1212.0,1200.0,
7483,1830.0,1735.0,
7501,542.0,538.0,
7506,1811.0,1801.0,
7519,5845.0,5500.0,
7522,1648.0,1634.0,
7538,,246.0,
7539,924.0,917.0,
7551,615.0,612.0,
7554,2570.0,2487.0,
7559,1451.0,1402.0,
7575,1852.0,1805.0,
7577,238.0,227.0,
7587,576.5,560.0,
7593,433.0,425.0,
7596,,1472.0,
7602,211.5,210.0,
7608,785.0,748.0,
7610,41.5,41.0,
7612,168.0,152.0,
7615,408.0,403.0,
7625,230.0,224.0,
7630,,4795.0,
7638,29.0,27.0,
7643,,691.0,
7649,4965.0,4880.0,
7707,448.0,431.0,
7711,627.5,616.0,
7718,1693.0,1642.0,
7719,261.5,250.0,
7722,770.5,762.0,
7730,5260.0,5130.0,
7731,1542.0,1516.0,
7732,1363.5,1340.0,
7743,1227.0,1202.0,
7752,1156.0,1133.0,
7760,413.0,399.0,
7774,1116.0,1029.0,
7776,697.5,684.0,
7781,2529.5,2491.0,
7809,1419.0,1400.0,
7812,,1465.0,
7815,1490.0,1400.0,
7817,4945.0,4845.0,
7826,4905.0,4805.0,
7846,4515.0,4370.0,
7871,579.0,576.0,
7875,,680.0,
7895,280.5,276.0,
7899,323.5,297.0,
7923,525.5,525.0,
7937,1926.0,1905.0,
7947,6610.0,6460.0,
7949,,1922.0,
7956,4557.5,4460.0,
7974,31730.0,30950.0,
7976,2208.0,2119.0,
7980,712.0,704.0,
7988,2830.0,2749.0,
7989,,1158.0,
7990,2737.0,2632.0,
7991,1118.0,1115.0,
8008,,2150.0,
8015,3725.0,3655.0,
8020,1342.0,1314.0,
8022,,2651.0,
8028,2955.0,2865.0,
8032,,4390.0,
8039,1005.0,1002.0,
8045,830.0,816.0,
8051,,1207.0,
8057,3280.0,3175.0,
8068,1657.0,1631.0,
8084,,1548.0,
8089,,899.0,
8091,,1726.0,
8096,3390.0,3300.0,
8097,,1002.0,
8129,2812.0,2755.0,
8130,2088.0,2057.0,
8131,885.0,846.0,
8141,,1890.0,
8150,,1872.0,
8152,1901.0,1850.0,
8154,,2154.0,
8168,505.0,491.0,
8181,1259.0,1251.0,
8184,2925.0,2848.0,
8185,1814.0,1740.0,
8186,318.0,309.0,
8198,2272.5,2251.0,
8203,451.0,432.0,
8207,415.0,410.0,
8217,1163.0,1111.0,
8230,,404.0,
8237,,1030.0,
8244,,3480.0,
8249,1063.5,1044.0,
8253,1551.0,1503.0,
8267,2333.5,2280.0,
8276,,2420.0,
8278,,1945.0,
8304,2753.0,2735.0,
8308,496.1,485.6,
8309,4196.0,4166.0,
8316,4005.0,3912.0,
8331,626.0,604.0,
8334,,477.0,
8338,,202.0,
8342,3030.0,2947.0,
8345,,3450.0,
8350,,1670.0,
8356,,2416.0,
8360,1452.0,1387.0,
8361,,2384.0,
8367,,2188.0,
8369,4662.5,4580.0,
8370,,1615.0,
8377,,1249.0,
8379,,594.0,
8382,1105.0,1081.0,
8383,,1450.0,
8385,,622.0,
8386,,2399.0,
8387,1125.0,1078.0,
8388,,2947.0,
8397,3740.0,3580.0,
8416,,800.0,
8418,1012.0,979.0,
8424,5700.0,5500.0,
8462,651.5,637.0,
8511,631.0,622.0,
8518,193.0,187.0,
8524,293.0,282.0,
8541,,1177.0,
8544,688.0,670.0,
8551,2100.5,2083.0,
8558,,768.0,
8584,1927.0,1886.0,
8595,4075.0,4000.0,
8600,,442.0,
8601,561.6,546.1,
8604,406.4,399.7,
8609,447.0,439.0,
8613,694.0,681.0,
8614,152.0,149.0,
8616,422.0,414.0,
8617,741.0,729.0,
8622,213.0,206.0,
8624,813.0,798.0,
8628,1192.0,1170.0,
8692,437.0,430.0,
8698,411.5,403.0,
8699,1165.0,1121.0,
8705,175.0,171.0,
8706,1109.0,1085.0,
8707,,1323.0,
8713,133.0,130.0,
8714,,306.0,
8732,,295.0,
8740,,199.0,
8746,162.0,157.0,
8750,1620.25,1601.0,
8766,5462.0,5382.0,
8769,871.0,843.0,
8783,324.0,307.0,
8789,136.5,128.0,
8795,1185.75,1158.0,
8798,,1829.0,
8803,,2175.0,
8806,,1082.0,
8842,4980.0,4850.0,
8844,596.0,592.0,
8848,243.0,237.0,
8860,847.0,822.0,
8864,565.0,551.0,
8871,1598.0,1578.0,
8877,1726.0,1675.0,
8881,,475.0,
8889,804.5,778.0,
8920,3210.0,3155.0,
8925,40.5,39.0,
8935,,903.0,
8946,114.0,112.0,
8961,175700.0,171200.0,
8967,,238800.0,
8976,,794000.0,
8984,,245300.0,
8986,89800.0,88700.0,
9003,,3390.0,
9010,,4190.0,
9025,,1854.0,
9029,468.0,460.0,
9033,1141.0,1130.0,
9041,,5160.0,
9042,,4090.0,
9052,,2285.0,
9057,,1219.0,
9062,,6300.0,
9065,5520.0,5370.0,
9075,4252.5,4180.0,
9076,1552.0,1509.0,
9082,1085.0,1070.0,
9083,3515.0,3500.0,
9086,3350.0,3260.0,
9099,,1328.0,
9101,1736.0,1721.0,
9104,2452.0,2380.0,
9107,1222.0,1169.0,
9262,4365.0,4215.0,
9268,1297.0,1250.0,
9270,4920.0,4730.0,
9272,3745.0,3590.0,
9273,739.0,721.0,
9278,833.0,805.0,
9302,1832.0,1803.0,
9303,,1436.0,
9306,334.0,315.0,
9363,337.0,331.0,
9380,,280.0,
9384,1363.0,1340.0,
9385,920.0,894.0,
9399,76.0,75.0,
9404,1713.0,1671.0,
9408,,1068.0,
9412,484.0,472.0,
9413,2498.0,2355.0,
9417,,846.0,
9423,82.0,80.0,
9424,112.0,110.0,
9428,691.0,674.0,
9432,,4825.0,
9433,2558.5,2534.5,
9435,21110.0,20750.0,
9437,2508.0,2468.5,
9445,375.0,371.0,
9466,501.0,493.0,
9470,5430.0,5370.0,
9474,2886.0,2832.0,
9475,435.0,420.0,
9508,,1343.0,
9509,,661.0,
9517,,1075.0,
9532,2213.5,2188.0,
9535,352.0,345.0,
9536,2513.0,2414.0,
9543,901.0,881.0,
9610,277.5,260.0,
9612,2049.0,2025.0,
9621,1530.0,1472.0,
9625,1450.0,1414.0,
9632,5815.0,5740.0,
9637,3430.0,3420.0,
9639,3630.0,3560.0,
9661,,5730.0,
9682,4100.0,3985.0,
9685,463.0,450.0,
9698,1255.0,1239.0,
9699,3250.0,3140.0,
9726,1430.0,1401.0,
9734,961.5,955.0,
9735,9600.0,9519.0,
9742,,1305.0,
9746,4180.0,4080.0,
9759,,2570.0,
9761,1710.0,1700.0,
9767,993.5,981.0,
9788,1042.0,1015.0,
9791,894.0,888.0,
9797,564.0,558.0,
9816,317.0,313.0,
9818,1131.5,1109.0,
9820,5550.0,5000.0,
9832,1879.0,1842.0,
9835,498.0,496.0,
9836,1264.0,1225.0,
9853,1060.0,1055.0,
9857,936.5,921.0,
9885,419.0,414.0,
9887,3875.0,3820.0,
9890,751.5,736.0,
9895,1429.0,1400.0,
9896,,614.0,
9899,2048.0,2036.0,
9900,1318.0,1292.0,
9919,,1098.0,
9927,1124.0,1076.0,
9929,504.5,499.0,
9934,,4445.0,
9948,,2493.0,
9959,656.5,651.0,
9973,54.0,52.0,
9974,,5170.0,
9980,226.0,218.0,
9989,3047.5,3010.0,
9993,1703.0,1658.0,
9994,2241.5,2207.0,
1310,,727.0,716.0
1311,,743.0,732.0
1320,,22180.0,21820.0
1321,,22210.0,21850.0
1332,,809.0,804.0
1343,,2075.0,2048.5
1345,,1957.0,1930.0
1346,,22120.0,21730.0
1348,,1669.0,1638.0
1356,,2490.0,
1358,,17300.0,16720.0
1367,,12750.0,12270.0
1369,,21520.0,21230.0
1377,,3745.0,
1383,,2519.0,2497.5
1384,,603.0,
1386,,7700.0,7600.0
1390,,4830.0,4800.0
1400,,324.0,313.0
1401,,1020.0,995.0
1407,,1153.0,1095.0
1417,,1583.0,
1419,,1089.0,1060.0
1430,,773.0,
1433,,1430.0,1405.0
1446,,1067.0,1042.0
1450,,2580.0,2519.0
1472,,1967.0,
1473,,1631.0,1605.0
1475,,1645.0,1615.0
1476,,1948.0,1939.0
1496,,2364.0,2362.0
1514,,104.0,102.0
1515,,4650.0,4570.0
1546,,28150.0,27980.0
1550,,2337.0,2320.0
1560,,4220.0,4185.0
1563,,2476.0,2438.5
1568,,16400.0,15780.0
1571,,1641.0,1622.0
1577,,23210.0,22810.0
1579,,19260.0,18600.0
1580,,4400.0,4345.0
1592,,1320.0,1298.0
1593,,14740.0,14500.0
1595,,1880.0,
1642,,17440.0,17420.0
1643,,20610.0,20555.0
1648,,9790.0,9680.0
1651,,982.0,966.0
1655,,2207.0,
1656,,2449.0,2438.0
1657,,2071.0,2070.0
1658,,1900.0,1884.0
1660,,10150.0,10110.0
1662,,2337.0,2295.0
1677,,49750.0,49600.0
1678,,155.0,153.0
1680,,2384.0,
1695,,63.0,62.5
1711,,481.0,441.5
1717,,521.0,512.0
1719,,752.0,
1721,,2989.0,2942.0
1726,,350.0,340.0
1730,,557.0,543.0
1739,,732.0,664.0
1766,,7250.0,7185.0
1782,,5270.0,5220.0
1793,,5060.0,5025.0
1814,,936.0,916.0
1821,,775.0,764.0
1840,,170.0,165.0
1848,,511.0,499.5
1850,,470.0,418.0
1853,,400.0,
1871,,666.0,652.0
1873,,476.0,467.5
1878,,15845.0,15690.0
1904,,1588.0,1577.0
1911,,1526.0,1508.0
1926,,1487.0,1461.5
1941,,2241.0,
1948,,4840.0,
1949,,1909.0,1885.0
1963,,1472.0,
1967,,508.0,494.0
1979,,3385.0,3310.0
1980,,2646.0,2596.0
1982,,1900.0,1863.0
2032,,6140.0,6115.0
2034,,10510.0,
2040,,21740.0,
2044,,13350.0,13160.0
2046,,10470.0,10370.0
2055,,281.0,276.0
2067,,10530.0,10450.0
2122,,1395.0,1362.0
2139,,574.0,566.0
2144,,472.0,450.0
2150,,776.0,755.0
2153,,1140.0,1121.5
2154,,3670.0,3627.5
2159,,552.0,533.0
2160,,2930.0,
2162,,474.0,450.0
2169,,1237.0,1226.5
2170,,797.0,780.0
2175,,2009.0,1974.0
2180,,1784.0,
2181,,1786.0,
2185,,2150.0,2123.0
2198,,800.0,776.0
2207,,1545.0,1504.0
2217,,5030.0,4915.0
2222,,4210.0,
2264,,3795.0,3750.0
2268,,4045.0,4035.0
2286,,597.0,574.0
2292,,4060.0,
2300,,556.0,545.5
2304,,414.0,401.0
2315,,28.0,27.0
2325,,1434.0,1420.0
2326,,9160.0,8870.0
2327,,3035.0,2971.0
2335,,810.0,799.0
2337,,388.0,372.0
2338,,419.0,395.0
2351,,3025.0,2332.0
2372,,1599.0,1527.0
2373,,1455.0,1393.0
2374,,564.0,552.0
2375,,888.0,879.0
2379,,1902.0,1862.0
2389,,1827.0,1761.5
2412,,2136.0,2105.0
2413,,1877.0,1818.0
2418,,611.0,601.0
2424,,619.0,606.0
2425,,610.0,604.0
2427,,1368.0,1333.0
2429,,1936.0,1857.0
2433,,1799.0,1787.0
2436,,1665.0,1581.0
2437,,263.0,
2438,,1320.0,1295.5
2440,,723.0,710.0
2445,,680.0,669.5
2461,,572.0,
2462,,951.0,924.0
2464,,410.0,397.0
2468,,575.0,548.0
2475,,3165.0,3105.0
2477,,2788.0,2588.0
2481,,410.0,406.0
2484,,2070.0,1990.0
2485,,686.0,678.0
2487,,1331.0,1316.0
2489,,425.0,410.0
2491,,2308.0,2228.0
2493,,1071.0,1051.0
2497,,1535.0,1498.0
2499,,330.0,322.0
2502,,4883.0,4795.0
2503,,2612.0,2592.0
2515,,1034.0,1032.5
2518,,904.0,898.0
2540,,2146.0,2128.0
2579,,2807.0,2759.0
2588,,1940.0,1605.0
25935,,2624.0,2596.0
2597,,1001.0,994.0
2607,,3775.0,3730.0
2612,,5190.0,
2613,,4200.0,4115.0
2652,,586.0,580.0
2656,,432.0,396.0
2668,,1071.0,1044.0
2678,,2897.0,2712.0
2683,,1417.0,
2687,,736.0,721.0
2692,,4915.0,
2693,,325.0,
2694,,79.0,77.0
2698,,1700.0,1675.0
2706,,1733.0,1706.5
2722,,595.0,
2730,,991.0,
2733,,3840.0,
2735,,729.0,715.0
2742,,2182.0,2142.0
2743,,289.0,266.5
2749,,293.0,288.0
2751,,2462.0,2448.0
2752,,3040.0,2970.0
2769,,950.0,945.5
2773,,915.0,905.0
2776,,138.0,136.5
2784,,3130.0,
2790,,1596.0,
2791,,3810.0,
2792,,1100.0,1068.0
2801,,5440.0,5350.0
2804,,2090.0,
2805,,4200.0,4195.0
2806,,1832.0,
2809,,2705.0,2657.0
2820,,2456.0,2367.0
2830,,2348.0,2301.0
2883,,1802.0,1784.0
2884,,579.0,561.0
2904,,1148.0,1102.5
2907,,1012.0,
2914,,2808.0,2737.5
2916,,745.0,727.0
2917,,880.0,870.5
2924,,719.0,710.0
2929,,491.0,
2930,,453.0,443.5
2931,,690.0,679.0
2970,,1590.0,1500.0
3003,,1078.0,1067.5
3011,,134.0,132.0
3024,,785.0,761.0
3028,,1738.0,1727.0
3030,,995.0,986.0
3034,,1474.0,
3035,,408.0,372.0
3040,,1135.0,1102.0
3041,,323.0,316.0
3050,,1060.0,1046.5
3063,,760.0,741.0
3065,,1730.0,1714.5
3071,,103.0,97.5
3075,,1136.0,1122.0
3082,,777.0,770.0
3088,,3765.0,3640.0
3089,,1044.0,1036.0
3093,,800.0,781.0
3094,,584.0,569.0
3097,,9260.0,9050.0
3111,,570.0,557.0
3121,,354.0,
3131,,1362.0,1320.0
3133,,715.0,
3134,,813.0,788.5
3139,,8760.0,8620.0
3143,,1174.0,
3156,,2052.0,2014.0
3161,,519.0,512.5
3167,,865.0,859.0
3168,,459.0,449.0
3171,,2131.0,2110.0
3180,,1467.0,1432.5
3181,,622.0,600.0
3182,,1727.0,1690.5
3183,,1273.0,1238.5
3186,,1165.0,1123.0
3189,,979.0,950.0
3190,,550.0,
3191,,1456.0,1399.0
3192,,401.0,348.0
3194,,1504.0,1475.0
3197,,1838.0,1823.0
3201,,943.0,937.5
3202,,82.0,80.0
3221,,3485.0,
3223,,1105.0,1096.0
3227,,104800.0,102700.0
3230,,1451.0,1421.5
3234,,145300.0,143700.0
3236,,138.0,135.0
3242,,348.0,339.0
3250,,35.0,34.0
3258,,2134.0,2097.0
3269,,317500.0,312000.0
3271,,514.0,508.0
3276,,811.0,793.0
3279,,472000.0,464500.0
3281,,117700.0,117100.0
3282,,299600.0,297850.0
3287,,541000.0,539000.0
3292,,133200.0,131100.0
3295,,189200.0,186950.0
3297,,1318.0,1297.5
3298,,17750.0,17470.0
3302,,2811.0,2760.5
3308,,172800.0,171500.0
3309,,84100.0,83100.0
3319,,658.0,640.0
3321,,748.0,738.0
3326,,932.0,928.5
3333,,1548.0,1523.0
3366,,513.0,512.0
3370,,925.0,885.0
3376,,1009.0,998.0
3388,,1747.0,1708.0
3391,,9270.0,9040.0
3396,,1120.0,1106.0
3418,,1038.0,1030.0
3421,,1427.0,1397.0
3423,,296.0,293.0
3433,,880.0,868.0
3435,,1111.0,1098.0
3437,,5150.0,5060.0
3441,,797.0,758.0
3443,,7770.0,7610.0
3444,,801.0,791.0
3446,,4570.0,4275.0
3452,,1523.0,1490.0
3454,,1139.0,1109.0
3458,,970.0,958.0
3461,,776.0,748.5
3462,,159300.0,158300.0
3466,,109900.0,108600.0
3468,,109900.0,108800.0
3470,,109900.0,109300.0
3471,,361000.0,354000.0
3472,,86000.0,85650.0
3473,,85400.0,85200.0
3475,,1611.0,1585.0
3476,,198500.0,198200.0
3478,,137600.0,136400.0
3480,,3970.0,3900.0
3481,,254300.0,252850.0
3486,,682.0,
3488,,119200.0,118350.0
3493,,95600.0,94300.0
3494,,1440.0,1395.0
3501,,2871.0,2802.5
3524,,1408.0,1399.5
3529,,983.0,969.5
3536,,129.0,124.0
3539,,1963.0,1940.0
3541,,805.0,
3542,,836.0,
3544,,1925.0,1907.5
3546,,912.0,904.0
3549,,7830.0,7785.0
3550,,2082.0,
3551,,731.0,
3556,,1260.0,1195.5
3558,,1439.0,1399.5
3580,,830.0,808.0
3593,,3915.0,3877.5
3606,,104.0,103.0
3608,,664.0,645.0
3623,,3685.0,
3625,,1191.0,1150.0
3627,,1037.0,1000.0
3639,,591.0,564.5
3648,,742.0,734.0
3649,,770.0,761.0
3655,,6040.0,5925.0
3657,,1123.0,1078.0
3658,,1598.0,1548.0
3659,,1776.0,1737.0
3662,,1798.0,
3665,,2877.0,2751.0
3667,,417.0,
3668,,711.0,693.0
3671,,1914.0,1877.0
3672,,314.0,305.0
3673,,595.0,580.0
3674,,1090.0,1056.0
3675,,420.0,411.0
3677,,1872.0,1819.0
3678,,2926.0,2850.0
3687,,1337.0,1309.5
3688,,1152.0,1082.0
3695,,1770.0,1730.0
3696,,2086.0,2075.0
3698,,4145.0,3875.0
3710,,1013.0,992.5
3712,,2050.0,2016.0
3724,,4940.0,4800.0
3726,,503.0,498.0
3733,,10000.0,9965.0
3751,,357.0,351.0
3756,,1017.0,988.0
3760,,1182.0,1118.0
3765,,432.0,410.0
3769,,7940.0,7810.0
3770,,425.0,411.5
3771,,3015.0,2953.0
3777,,47.0,
3782,,347.0,337.0
3791,,1475.0,1445.0
3799,,448.0,442.0
3804,,645.0,625.0
3807,,196.0,192.0
3810,,1300.0,1236.0
3823,,193.0,189.0
3825,,304.0,
3826,,823.0,768.0
3834,,538.0,529.0
3835,,1207.5,1191.25
3836,,1531.0,1465.5
3837,,1646.0,1601.0
3840,,158.0,144.0
3844,,3445.0,3392.5
3845,,177.0,
3852,,2172.0,2108.0
3853,,959.0,943.0
3854,,962.0,944.0
3858,,903.0,875.0
3864,,533.0,522.0
3877,,1415.0,1356.0
3880,,1351.0,1332.0
3892,,772.0,760.5
3895,,740.0,728.0
3900,,2132.0,2076.0
3906,,14700.0,13920.0
3908,,899.0,782.0
3911,,387.0,371.0
3912,,1474.0,1428.0
3913,,787.0,753.0
3918,,2472.0,2403.0
3920,,1510.0,1480.0
3921,,948.0,929.0
3924,,1208.0,1192.0
3926,,3555.0,3415.0
3927,,958.0,926.5
3931,,1650.0,1519.0
3934,,905.0,886.0
3935,,455.0,428.0
3941,,1046.0,1030.0
3948,,394.0,390.0
3951,,1051.0,1041.0
3953,,1028.0,1006.0
3956,,351.0,329.5
3961,,1677.0,1508.0
3963,,592.0,572.0
3966,,3220.0,2975.0
3975,,795.0,780.0
3983,,5810.0,5630.0
3986,,1796.0,1723.0
3987,,1620.0,1588.0
3988,,950.0,897.0
3989,,1595.0,1538.0
3991,,5290.0,4695.0
3992,,688.0,672.0
3993,,5760.0,5540.0
3994,,4345.0,4240.0
4004,,3945.0,3830.0
4021,,5230.0,5060.0
4025,,6160.0,6115.0
4026,,800.0,786.0
4027,,2426.0,2324.0
4033,,813.0,796.5
4047,,752.0,736.0
4063,,9303.0,9189.0
4088,,1612.0,
4091,,1639.0,1621.5
4093,,1455.0,1435.0
4099,,1225.0,1201.0
4100,,2266.0,2216.0
4107,,3045.0,3025.0
4113,,4595.0,4500.0
4151,,2358.0,2316.0
4187,,1113.0,1092.0
4203,,3930.0,
4212,,1942.0,
4217,,2530.0,2487.5
4220,,460.0,452.0
4221,,1803.0,1764.0
4222,,638.0,619.0
4229,,2696.0,2591.0
4237,,299.0,285.0
4243,,727.0,717.0
4282,,1864.0,
4284,,788.0,768.5
4286,,912.0,898.0
4287,,525.0,505.0
4288,,2188.0,2122.5
4290,,1311.0,1281.0
4291,,2750.0,2736.0
4293,,364.0,347.5
4295,,893.0,865.0
4298,,1964.0,1925.0
4312,,573.0,558.0
4320,,800.0,774.0
4323,,1428.0,1374.0
4324,,4790.0,4705.0
4326,,860.0,853.0
4333,,970.0,938.0
4337,,4745.0,4635.0
4341,,806.0,
4343,,2894.0,2827.0
4346,,2222.0,2152.0
4350,,579.0,533.0
4355,,377.0,372.0
4361,,1110.0,1039.5
4369,,5420.0,5205.0
4381,,5500.0,5110.0
4382,,10180.0,9750.0
4385,,3545.0,3395.0
4389,,1099.999,1055.8325
4390,,1380.0,1319.0
4392,,330.0,326.0
4395,,994.0,968.0
4403,,3825.0,3787.5
4404,,1109.0,1091.0
4406,,211.0,205.0
4420,,1207.5,1118.75
4425,,21200.0,20560.0
4428,,18590.0,18075.0
4452,,8790.0,8615.0
4463,,974.0,959.0
4465,,1534.0,1485.0
4512,,286.0,280.5
4531,,200.0,197.0
4541,,1496.0,
4558,,292.0,291.0
4564,,138.0,134.0
4565,,1526.0,1335.5
4575,,699.0,682.0
4576,,604.0,585.0
4583,,224.0,217.0
4585,,336.0,330.0
4617,,993.0,984.0
4631,,3300.0,3260.0
4633,,1052.0,1008.0
4641,,1875.0,1822.0
4644,,885.0,875.0
4653,,1411.0,1391.0
4659,,3585.0,3472.5
4661,,12620.0,12505.0
4662,,941.0,929.5
4666,,2424.0,
4667,,2395.0,2311.0
4668,,957.0,
4674,,3475.0,3430.0
4684,,10980.0,10880.0
4694,,3155.0,
4695,,800.0,
4704,,5250.0,
4709,,1401.0,
4718,,731.0,710.0
4722,,1878.0,1856.5
4726,,2475.0,2408.5
4728,,1003.0,987.5
4733,,4575.0,4475.0
4739,,2655.0,2606.0
4743,,941.0,926.0
4750,,660.0,651.0
4751,,4195.0,4095.0
4752,,714.0,
4761,,813.0,
4762,,909.0,
4770,,335.0,
4771,,1125.0,1111.5
4776,,929.0,889.0
4777,,335.0,322.0
4792,,2461.0,2283.0
4809,,1968.0,1947.0
4812,,3800.0,3690.0
4816,,5310.0,5140.0
4819,,3070.0,3035.0
4824,,830.0,800.0
4825,,3265.0,3225.0
4826,,852.0,837.5
4828,,2339.0,2309.0
4833,,235.0,228.0
4839,,2970.0,
4840,,285.0,278.0
4845,,808.0,797.5
4847,,765.0,743.0
4848,,2444.0,2375.0
4849,,3220.0,3125.0
4917,,2872.0,2825.0
4921,,2828.0,
4922,,19950.0,19755.0
4924,,5890.0,5880.0
4928,,5600.0,5500.0
4955,,2241.0,2134.0
4963,,825.0,800.0
4968,,1379.0,1338.0
4970,,1600.0,1535.0
4972,,1610.0,
4973,,2335.0,
4979,,1760.0,1705.0
4985,,5230.0,5180.0
4990,,452.0,444.0
4992,,570.0,562.5
4998,,1416.0,1379.5
4999,,882.0,
5008,,1637.0,1611.0
5010,,249.0,247.0
5015,,1420.0,1380.0
5018,,1524.0,1467.0
5110,,1371.0,1322.0
5184,,1837.0,1804.0
5214,,2993.0,2940.0
5262,,784.0,769.0
5273,,3125.0,3028.5
5279,,635.0,627.5
5284,,375.0,365.0
5287,,694.0,
5301,,1388.0,1368.0
5331,,5420.0,5280.0
5337,,115.0,112.0
5341,,848.0,834.5
5344,,5110.0,
5367,,917.0,907.0
5384,,2488.0,2444.0
5386,,415.0,412.0
5393,,2200.0,2178.0
5423,,974.0,960.0
5444,,3140.0,3035.0
5471,,4390.0,
5484,,1398.0,1382.5
5486,,1318.0,1308.0
5603,,1373.0,
5609,,789.0,782.0
5610,,1597.0,1560.0
5698,,664.0,621.0
5699,,2212.0,2118.0
5704,,1332.0,1290.0
5706,,2906.0,2876.5
5713,,3238.0,3170.0
5724,,1294.0,1264.0
5805,,712.0,698.0
5816,,401.0,400.0
5856,,60.0,59.5
5903,,1248.0,1233.0
5929,,1297.0,1290.0
5936,,717.0,711.0
5940,,89.0,87.0
5943,,1721.0,1672.0
5946,,2358.0,2298.0
5957,,580.0,564.5
5964,,1475.0,1412.0
5984,,944.0,926.0
5986,,418.0,411.0
5990,,2335.0,2310.0
5992,,2968.0,2935.0
6016,,746.0,737.0
6027,,4440.0,4282.5
6029,,381.0,374.0
6030,,5340.0,5160.0
6033,,2584.0,2459.0
6034,,1035.0,
6035,,1678.0,1627.5
6036,,1277.0,1243.0
6037,,592.0,
6040,,841.0,828.0
6044,,1464.0,1440.5
6050,,2181.0,2144.5
6055,,1349.0,1320.0
6062,,1402.0,
6067,,3485.0,3240.0
6070,,410.0,405.0
6078,,2546.0,2514.0
6079,,491.0,476.0
6081,,734.0,619.0
6083,,920.0,912.5
6086,,2477.0,2410.0
6088,,1039.0,1015.0
6095,,2598.0,2520.0
6097,,1215.0,1198.0
6099,,1451.0,1395.0
6101,,859.0,832.0
6104,,2252.0,2213.0
6131,,925.0,805.5
6135,,4475.0,4385.0
6136,,2138.0,2098.0
6140,,741.0,738.0
6143,,865.0,842.0
6145,,2643.0,2551.0
6146,,15900.0,15600.0
6158,,1263.0,1235.0
6167,,663.0,
6172,,1486.0,1453.0
6173,,1581.0,1558.5
6177,,405.0,360.0
6180,,1903.0,1862.0
6181,,371.0,353.0
6182,,3470.0,3165.0
6184,,1512.0,1457.0
6186,,588.0,584.5
6187,,1850.0,1801.0
6189,,1020.0,999.0
6190,,680.0,
6196,,2340.0,2316.5
6197,,1221.0,
6200,,2356.0,2294.0
6205,,820.0,809.0
6217,,1783.0,
6239,,808.0,779.0
6245,,1626.0,1618.0
6247,,960.0,927.5
6250,,1061.0,1050.5
6258,,7430.0,7180.0
6262,,612.0,
6264,,705.0,676.0
6273,,39330.0,38715.0
6276,,480.0,465.0
6278,,2991.0,2908.0
6287,,2552.0,2519.0
6289,,3345.0,
6293,,904.0,893.0
6294,,1332.0,1319.0
6297,,461.0,
6298,,728.0,710.0
6299,,1819.0,1778.0
6300,,538.0,498.0
6303,,2480.0,2457.5
6306,,2402.0,2378.5
6310,,1628.0,
6312,,838.0,829.0
6316,,1402.0,1373.0
6319,,363.0,360.0
6324,,3825.0,3752.5
6328,,2041.0,2013.0
6335,,424.0,418.0
6346,,7470.0,7290.0
6351,,2009.0,
6355,,3180.0,3085.0
6358,,2661.0,2587.0
6362,,1985.0,1943.5
6363,,958.0,947.5
6369,,2086.0,
6370,,2867.0,2782.0
6371,,3990.0,3945.0
6378,,397.0,387.0
6379,,1170.0,
6381,,977.0,957.0
6382,,617.0,607.0
6383,,5740.0,5710.0
6400,,294.0,290.0
6402,,1180.0,1176.0
6405,,1192.0,1183.0
6407,,1019.0,1004.5
6411,,6320.0,6300.0
6428,,380.0,370.0
6430,,1443.0,1427.0
6433,,308.0,
6440,,1091.0,
6445,,482.0,478.0
6455,,1865.0,1804.5
6457,,2698.0,2624.0
6459,,1158.0,1137.0
6464,,1869.0,
6465,,6840.0,
6467,,754.0,735.5
6469,,1192.0,1163.5
6479,,1682.0,1655.5
6484,,1551.0,1539.0
6488,,991.0,
6490,,1297.0,1263.0
6494,,125.0,120.0
6495,,124.0,121.5
6498,,809.0,803.5
6501,,3572.0,3521.0
6503,,1447.5,1428.5
6505,,1243.0,1217.0
6506,,3460.0,3392.5
6507,,1335.0,1323.0
6517,,1385.0,1366.0
6538,,881.0,855.0
6541,,2160.0,2067.0
6542,,853.0,805.0
6544,,2307.0,2256.0
6547,,1499.0,1461.0
6549,,1647.0,1608.5
6552,,1357.0,1313.0
6560,,1336.0,
6563,,3390.0,3315.0
6573,,1216.0,1167.0
6574,,830.0,797.5
6578,,638.0,610.0
6579,,3770.0,3630.0
6580,,2544.0,2502.5
6586,,3850.0,3775.0
6591,,131.0,128.0
6592,,3805.0,
6615,,1586.0,1549.0
6622,,2789.0,2758.0
6626,,5120.0,4990.0
6638,,638.0,
6639,,1571.0,1531.0
6641,,1037.0,1013.0
6647,,1675.0,
6652,,1863.0,
6653,,765.0,
6658,,409.0,382.0
6662,,321.0,302.0
6664,,906.0,831.0
6666,,240.0,224.0
6670,,841.0,820.5
6676,,3895.0,3830.0
6678,,2141.0,2119.0
6696,,1430.0,1312.0
6697,,791.0,760.0
6698,,1895.0,1836.5
6702,,7938.0,7844.0
6724,,1703.0,1688.0
6727,,445.0,439.0
6728,,3305.0,3205.0
6736,,925.0,854.5
6750,,3375.0,3315.0
6755,,1586.0,1524.0
6763,,1213.0,1206.5
6769,,918.0,907.5
6771,,1156.0,1135.0
6777,,1503.0,
6785,,679.0,672.0
6787,,1759.0,1700.0
6789,,2327.0,2279.0
6794,,1590.0,1570.0
6800,,1624.0,1606.5
6804,,948.0,929.0
6806,,11550.0,11470.0
6807,,1566.0,1511.0
6809,,1124.0,1103.0
6814,,1036.0,1020.0
6815,,2256.0,2226.0
6832,,2509.0,2372.0
6836,,2032.0,
6839,,710.0,
6840,,2775.0,2660.0
6841,,2275.0,2259.0
6845,,2600.0,2569.0
6853,,406.0,393.0
6856,,6010.0,5930.0
6857,,2548.0,2504.0
6858,,608.0,
6866,,4830.0,4697.5
6869,,6857.0,
6870,,1540.0,1532.5
6871,,751.0,738.0
6879,,604.0,578.0
6881,,378.0,369.0
6889,,3905.0,
6897,,528.0,520.5
6899,,1786.0,1761.0
6905,,1173.0,1157.0
6908,,5090.0,4960.0
6926,,385.0,379.0
6928,,889.0,860.0
6929,,2892.0,2849.0
6941,,1081.0,1060.0
6947,,1518.0,1474.0
6958,,672.0,658.5
6960,,7170.0,7010.0
6961,,2936.0,2868.5
6963,,6940.0,6840.0
6965,,4250.0,4165.0
6967,,869.0,859.5
6971,,6535.0,6438.0
6973,,1547.0,1522.5
6976,,2213.0,2158.0
6977,,1089.0,1080.0
6981,,5383.328,
6985,,986.0,984.0
6989,,1095.0,1060.0
6999,,1495.0,
7022,,185.0,177.0
7030,,2649.0,2576.0
7033,,2029.998,1963.331
7036,,4520.0,
7037,,3270.0,2952.5
7038,,3085.0,2965.0
7048,,1850.0,1752.0
7105,,1226.0,1201.0
7122,,2062.0,2050.0
7150,,795.0,782.0
7161,,120.0,118.0
7167,,297.0,290.0
7175,,1085.0,1030.0
7183,,262.0,250.5
7192,,1336.0,1305.0
7198,,2139.0,2100.0
7208,,892.0,885.0
7224,,1370.0,1358.0
7229,,1937.0,1923.0
7235,,910.0,894.0
7241,,546.0,535.5
7244,,606.0,592.0
7250,,1518.0,
7255,,542.0,522.0
7256,,866.0,
7271,,1354.0,
7274,,1434.0,1404.0
7309,,17040.0,16850.0
7314,,642.0,
7315,,584.0,577.0
7320,,918.0,898.0
7325,,1735.0,1575.0
7326,,1166.0,1139.5
7404,,1479.0,1452.0
7417,,2180.0,2141.0
7419,,2010.0,
7427,,553.0,
7433,,1226.0,
7435,,910.0,894.0
7438,,1032.0,1003.0
7445,,747.0,
7448,,428.0,423.0
7450,,1599.0,1561.0
7460,,1515.0,
7466,,2437.0,2361.0
7476,,8870.0,8750.0
7487,,1961.0,1933.0
7504,,1242.0,
7508,,2350.0,2298.0
7513,,627.0,606.0
7514,,922.0,
7516,,2774.0,2717.0
7532,,7460.0,7320.0
7561,,1140.0,1112.0
7562,,4990.0,
7570,,1482.0,1462.0
7585,,1020.0,1009.0
7594,,2177.0,2144.0
7595,,2265.0,
7600,,1089.0,1069.0
7601,,574.0,567.0
7604,,2675.0,2660.0
7606,,3830.0,3802.5
7607,,2270.0,2170.0
7609,,1774.0,1711.0
7611,,2162.0,2128.0
7613,,1615.0,
7614,,1193.0,1176.0
7618,,454.0,446.0
7619,,614.0,
7621,,3300.0,3255.0
7623,,284.0,276.0
7624,,229.0,226.0
7640,,329.0,325.0
7646,,1006.0,995.0
7702,,679.0,669.0
7703,,756.0,748.5
7705,,1564.0,1532.0
7713,,1431.0,1414.0
7716,,2143.0,2120.5
7717,,14100.0,13925.0
7723,,4100.0,4060.0
7725,,1710.0,1614.0
7727,,252.0,247.0
7729,,2840.0,2805.0
7735,,4595.0,4510.0
7739,,1757.0,1734.0
7740,,2060.0,2027.0
7741,,7440.0,7380.0
7744,,2514.0,2439.5
7748,,1878.0,1851.0
7749,,5670.0,5610.0
7751,,3254.0,3212.0
7775,,566.0,558.0
7782,,623.0,619.5
7807,,1175.0,1130.0
7808,,1100.0,1073.0
7810,,293.0,287.0
7811,,1551.0,1520.0
7813,,770.0,757.5
7818,,773.0,743.0
7820,,2050.0,1973.5
7821,,2680.0,2620.0
7822,,446.0,422.0
7823,,645.0,636.0
7829,,312.0,309.0
7832,,5240.0,5150.0
7833,,594.0,581.0
7836,,123.0,114.0
7839,,4750.0,4660.0
7840,,895.0,
7844,,882.0,868.0
7847,,502.0,498.0
7850,,781.0,771.0
7855,,730.0,713.0
7856,,1450.0,1424.0
7859,,173.0,165.0
7865,,1200.0,1170.0
7873,,105.0,103.0
7886,,685.0,675.5
7888,,361.0,351.5
7893,,1272.0,1237.0
7897,,139.0,135.0
7898,,1121.0,1074.0
7906,,655.0,645.0
7908,,176.0,171.0
7912,,2586.0,2566.5
7916,,2392.0,2376.0
7917,,3165.0,3115.0
7921,,1730.0,1694.0
7922,,410.0,407.0
7925,,1041.0,1019.0
7927,,599.0,592.0
7936,,1484.0,1463.0
7942,,2489.0,2456.0
7945,,1280.0,1271.5
7951,,5620.0,5480.0
7962,,886.0,870.0
7965,,1129.0,1096.0
7972,,545.0,525.0
7987,,548.0,539.0
7995,,2246.0,2219.0
8006,,3680.0,
8011,,1786.0,1717.0
8016,,593.0,585.0
8018,,482.0,473.0
8023,,645.0,610.0
8030,,2910.0,2903.0
8035,,15805.0,15670.0
8036,,4795.0,4710.0
8037,,1232.0,1197.0
8040,,912.0,905.0
8046,,2298.0,2283.0
8050,,2709.0,2665.5
8066,,5790.0,5720.0
8070,,512.0,
8077,,353.0,342.0
8079,,3235.0,3180.0
8085,,1920.0,1898.0
8093,,1685.0,1637.0
8095,,410.0,404.0
8101,,1194.0,1169.0
8103,,457.0,448.0
8107,,27.0,26.0
8114,,2595.0,2530.5
8115,,829.0,815.0
8136,,2538.0,2489.0
8139,,228.0,226.0
8142,,2244.0,2195.0
8144,,1270.0,1249.0
8153,,2805.0,
8160,,2674.0,2642.0
8167,,1091.0,1056.0
8219,,2540.0,
8242,,1530.0,1508.0
8247,,549.0,
8251,,1039.0,1019.0
8252,,2120.0,2106.5
8254,,294.0,288.0
8256,,94.0,92.0
8260,,262.0,253.0
8354,,2482.0,2430.5
8358,,539.0,525.0
8359,,476.0,467.0
8392,,3635.0,3540.0
8393,,2844.0,2801.5
8396,,2751.0,2703.5
8410,,337.0,332.0
8411,,171.1,
8473,,2456.0,2431.0
8508,,387.0,377.0
8521,,1764.0,1710.0
8542,,1062.0,1058.5
8562,,390.0,379.0
8563,,641.0,622.5
8570,,2237.0,2208.0
8572,,406.0,400.0
8596,,709.0,698.0
8630,,4147.0,4108.5
8703,,562.0,560.0
8725,,3388.0,3363.5
8729,,2030.0,2010.0
8801,,2832.5,2796.5
8802,,2006.0,1975.25
8804,,1379.0,1356.0
8818,,1072.0,1048.0
8830,,4658.0,4595.0
8841,,791.0,764.0
8850,,2383.0,2355.0
8876,,3120.0,3075.0
8885,,719.0,705.0
8887,,866.0,858.0
8890,,1040.0,
8905,,1858.0,1812.0
8908,,788.0,770.0
8909,,759.0,742.0
8919,,3655.0,3637.5
8923,,1025.0,996.0
8927,,282.0,270.0
8928,,2948.0,2909.5
8929,,1577.0,1541.5
8940,,689.0,681.0
8944,,802.0,787.0
8953,,222700.0,221900.0
8954,,195000.0,191200.0
8955,,473500.0,461500.0
8956,,141800.0,138700.0
8957,,182000.0,179950.0
8960,,179500.0,176500.0
8963,,55200.0,54350.0
8966,,129300.0,128200.0
8968,,173300.0,170800.0
8972,,791000.0,776000.0
8975,,106200.0,105000.0
8977,,151700.0,149300.0
8985,,90600.0,89650.0
8987,,165500.0,162300.0
9008,,7250.0,7130.0
9022,,26085.0,25610.0
9024,,1924.0,1896.0
9045,,4640.0,4557.5
9055,,807.0,804.0
9070,,6790.0,6430.0
9081,,3900.0,3855.0
9110,,2396.0,
9142,,3875.0,3825.0
9143,,3300.0,3245.0
9173,,2340.0,2323.0
9176,,251.0,249.0
9179,,3285.0,3230.0
9201,,3848.0,
9202,,3980.0,
9232,,901.0,873.0
9233,,763.0,
9260,,4490.0,4395.0
9265,,1195.0,1167.0
9266,,1540.0,
9267,,2444.0,2385.0
9275,,1214.0,1195.5
9277,,1746.0,1713.5
9279,,3550.0,3362.5
9281,,113800.0,113300.0
9282,,63800.0,61950.0
9283,,93600.0,93100.0
9284,,99000.0,98350.0
9285,,95600.0,95250.0
9305,,1590.0,
9307,,899.0,873.0
9308,,870.0,843.5
9312,,1412.0,1383.0
9322,,1397.0,1314.0
9353,,2098.0,2065.0
9367,,549.0,
9369,,2086.0,2045.0
9376,,557.0,552.5
9386,,963.0,945.0
9405,,780.0,
9414,,1069.0,1056.5
9421,,1305.0,1284.5
9422,,1447.0,1403.0
9439,,233.0,230.5
9444,,640.0,634.5
9446,,1278.0,1257.0
9449,,1866.0,1819.0
9467,,2090.0,2029.0
9468,,1200.0,1185.0
9478,,202.0,196.0
9479,,148.0,145.0
9501,,724.0,708.0
9519,,983.0,953.0
9533,,5160.0,5050.0
9600,,1339.0,1316.0
9602,,4305.0,4240.0
9613,,1228.0,1218.5
9622,,1424.0,1401.0
9627,,8530.0,8250.0
9628,,2431.0,
9636,,3445.0,3425.0
9644,,1235.0,
9651,,736.0,734.0
9678,,2734.0,2688.0
9684,,3960.0,3877.5
9686,,1138.0,1134.5
9696,,418.0,412.0
9697,,2512.0,2478.0
9702,,1954.0,1868.0
9704,,39.0,34.0
9707,,1847.0,1810.0
9708,,2026.0,1999.5
9715,,2198.0,
9716,,3125.0,3085.0
9717,,1000.0,984.0
9722,,2768.0,2719.0
9728,,1968.0,1947.5
9729,,2697.0,
9731,,2952.0,2917.0
9739,,2372.0,2289.0
9740,,4450.0,4400.0
9743,,1322.0,1305.0
9749,,4240.0,4170.0
9753,,935.0,906.0
9757,,2690.0,2662.0
9758,,325.0,285.0
9765,,637.0,625.0
9766,,4845.0,4750.0
9768,,1010.0,1000.0
9782,,1800.0,1769.5
9787,,4135.0,4095.0
9792,,1297.0,1246.0
9812,,639.0,629.0
9824,,2764.0,2679.0
9827,,212.0,
9828,,5290.0,5140.0
9830,,2935.0,
9831,,554.0,
9837,,853.0,835.0
9842,,1560.0,1490.0
9843,,14230.0,14125.0
9850,,1190.0,
9861,,1780.0,1764.0
9872,,946.0,926.5
9878,,597.0,581.0
9889,,1450.0,1417.0
9903,,1682.0,1673.5
9913,,532.0,490.0
9930,,277.0,266.0
9932,,1808.0,1790.5
9945,,1780.0,1750.0
9946,,1730.0,1698.0
9962,,2753.0,2693.0
9966,,777.0,766.0
9969,,216.0,
9978,,228.0,220.0
9987,,6450.0,6270.0
9991,,1057.0,1044.0
9992,,499.0,492.5
